<?xml version="1.0" encoding="UTF-8" standalone="no" ?>
<object parent="habitable" type="cpp_noclass" class_name="base_village">
  <attributes>
    <attribute name="singularName" value="village"/>
	<attribute name="isCentralBuilding" value="true"/>
    <attribute name="loyaltyFearHealthPercent" value="50"/>
    <attribute name="canProduceGold" value="false"/>
    <attribute name="canProduceFood" value="true"/>
  </attributes>
  <methods>
  </methods>
  <sounds>
  </sounds>
</object>