<?xml version="1.0" encoding="UTF-8" standalone="no"?>
<entity class_name="grass_tufts" type="cpp_decorationclass" directions="1" zip_file="sprites_extra.zip">
	<hitbox width="96" height="96"/>
	<attributes>
	</attributes>
	<points>
	</points>
	<images>
		<image id="0" file="decorations/vegetation/grass_tufts"/>
		<!--<image id="1" file="decorations/vegetation/grass_tufts-shadow"/>-->
	</images>
	<states>
		<state name="default">
			<animations>
				<animation name="idle" frames="1">
					<layers>
						<layer id="0" x="0" y="0" z="0" image="0"/>
					</layers>
					<!--<shadow x="0" y="0" z="0" image="1"/>-->
				</animation>
			</animations>
		</state>
	</states>
</entity>