<?xml version="1.0" encoding="UTF-8" standalone="no"?>
<entity class_name="r_village" type="cpp_building" directions="1" zip_file="sprites_extra.zip">
	<hitbox width="740" height="695"/>
	<attributes>
	</attributes>
	<points>
	</points>
	<images>
		<image id="0" file="buildings/rome/village/rvillage" />
		<image id="1" file="buildings/rome/village/rvillage-mask" />
		<image id="2" file="buildings/rome/village/rvillage-shadow" />
	</images>
	<states>
		<state name="default">
			<animations>
				<animation name="idle" frames="1">
					<layers>
						<layer id="0" x="0" y="0" z="0" image="0" mask_image="1"/>
					</layers>
					<shadow x="0" y="0" z="0" image="2" />
				</animation>
			</animations>
		</state>
	</states>
</entity>
