<?xml version="1.0" encoding="UTF-8" standalone="no"?>
<entity class_name="arrow" type="cpp_vfxclass" directions="16" zip_file="sprites_extra.zip">
	<attributes>
	</attributes>
	<points>
	</points>
	<images>
		<image id="0"  file="decorations/vfx/arrow/arrow"/>
        <image id="1"  file="decorations/vfx/arrow/arrow-shadow"/>
	</images>
	<states>
		<state name="default">
			<animations>
				<animation name="idle" frames="12">
					<layers>
						<layer id="0" x="0" y="0" z="0" image="0"/>
					</layers>
					<shadow x="0" y="0" z="0" image="1"/>
				</animation>
			</animations>
		</state>
	</states>
</entity>